id,name,role_fr,role_en,groups,photo,social_linkedin,social_github,social_bluesky,social_website
aurelien-violet,Aurélien Violet,Board + Sponsoring + Com' & Marketing +  Stratégie & Leadership,Board + Sponsoring + Com' & Marketing + Strategy & Leadership,equipe-principale,/team/aurelien-violet.jpg,https://www.linkedin.com/in/aur%C3%A9lien-violet-bb97445/,,,
katia-himeur,Katia Himeur,Board + Edito + Comité CFP + Stratégie & Leadership,Board + Edito + CFP Committee + Strategy & Leadership,"equipe-principale,comite-selection",/team/katia-himeur.png,https://www.linkedin.com/in/katiahimeur/,,https://bsky.app/profile/katia-tal.bsky.social,
smaine-kahlouch,Smaïne Kahlouch,Board + Edito + Comité CFP,Board + Edito + CFP Committee ,"equipe-principale,comite-selection",/team/smaine-kahlouch.jpg,https://www.linkedin.com/in/sma%C3%AFne-kahlouch-44374110/,,https://bsky.app/profile/smana.dev,
emmanuel-lagree,Emmanuel Lagrée,Edito,Edito,equipe-principale,/team/emmanuel-lagree.jpg,https://www.linkedin.com/in/emmanuel-lagree-b0b090133/,,,
jean-christophe-sirot,Jean-Christophe Sirot,Billetterie + Edito,Ticketing + Edito,equipe-principale,/team/jean-christophe-sirot.jpg,https://www.linkedin.com/in/jcsirot/,,,
jerome-petazzoni,Jérôme Petazzoni,Maître de Cérémonie + Coach speaker(s) + Comité CFP,Master of Ceremony + CFP committee,"equipe-principale,comite-selection",/team/jerome-petazzoni.jpg,https://www.linkedin.com/in/jpetazzo/,,,
alexis-fala,Alexis Fala,Edito,Edito,equipe-principale,/team/alexis-fala.jpg,https://www.linkedin.com/in/alexis-fala,,,
laila-atrmouh,Laïla Atrmouh,Edito + Com' & Marketing,Edito + Com' & Marketing,equipe-principale,/team/laila-atrmouh.jpg,https://www.linkedin.com/in/lailatrmouh/,,,
marc-filmon,Marc Filmon,Sponsoring + Finance +  Stratégie & Leadership,Sponsoring + Finance +  Strategy & Leadership,equipe-principale,/team/marc-filmon.jpg,https://www.linkedin.com/in/marcfilmon,,,
matthieu-saint-raymond,Matthieu Saint-Raymond,Sponsoring,Sponsoring,equipe-principale,/team/matthieu-saint-raymond.png,https://www.linkedin.com/in/matthieusaintraymond/,,,
rachid-zarouali,Rachid Zarouali,Aidants,Helpers + CFP Community (Lyon),equipe-principale,/team/rachid-zarouali.jpg,https://www.linkedin.com/in/rachidzarouali/,,,
christian-dussol,Christian Dussol,Edito + Com' & Marketing,Edito + Com' & Marketing + CFP committee,"equipe-principale,comite-selection",/team/christian-dussol.jpg,https://www.linkedin.com/in/christiandussol/,,,
thomas-vaillant,Thomas Vaillant,Billetterie + Comité CFP,Ticketing + CFP Committee,"equipe-principale,comite-selection",/team/thomas-vaillant.jpg,https://www.linkedin.com/in/thomvaill,,,
stephane-este-gracias,Stéphane Este-Gracias,Inclusion ,Inclusion ,equipe-principale,/team/stephane-este-gracias.jpg,https://www.linkedin.com/in/sestegra/,,https://bsky.app/profile/sestegra.bsky.social,
yacine-kheddache,Yacine Kheddache,Com' & Marketing + Communautaire,Com' & Marketing + Community,equipe-principale,/team/yacine-kheddache.jpg,https://www.linkedin.com/in/yacinekheddache/,,https://bsky.app/profile/kheddache.me,
zied-abid,Zied Abid,Billetterie,Ticketing,equipe-principale,/team/zied-abid.jpg,https://www.linkedin.com/in/ziedabid,,,
stephane-philippart,Stéphane Philippart,Gestion de salle,Room coordinator,autres-benevoles,/team/stephane-philippart.jpg,https://www.linkedin.com/in/philippartstephane,,,
thierry-chantier,Thierry Chantier,Gestion de salle,Room coordinator,autres-benevoles,/team/thierry-chantier.png,https://www.linkedin.com/in/thierrychantier,,,
thomas-perelle,Thomas Pérelle,Gestion de salle,Room coordinator,autres-benevoles,/team/thomas-perelle.jpg,https://www.linkedin.com/in/thomasperelle,,,
pascal-bourdier,Pascal Bourdier,Gestion de salle,Room coordinator,autres-benevoles,/team/pascal-bourdier.jpg,https://www.linkedin.com/in/pascal-b-7592192/,,,
remi-verchere,Rémi Verchère,Gestion de salle,Room coordinator,autres-benevoles,/team/remi-verchere.jpg,https://www.linkedin.com/in/rverchere/ ,,,
xavier-pestel,Xavier Pestel,Youtube Live (communautaire),Youtube Live (Community) ,autres-benevoles,/team/xavier-pestel.jpg,https://www.linkedin.com/in/xavier-pestel,,,
sebastien-blanc,Sébastien Blanc,ITW vidéo (stands) ,Video ITW (booths) ,autres-benevoles,/team/sebastien-blanc.png,https://www.linkedin.com/in/sébastien-blanc-08a73b1,,,
henrik-rexed,Henrik Rexed,ITW vidéo (participant(e)s) ,Video ITW (attendees) ,autres-benevoles,/team/henrik-rexed.jpg,https://www.linkedin.com/in/hrexed,,,
amine-saboni,Amine Saboni,Soirées + Comité CFP,Side events + CFP Committee,equipe-principale,/team/amine-saboni.jpg,https://www.linkedin.com/in/amine-saboni,,,